{
  "id": "obj_3",
  "category": "potted_cactus",
  "mesh_bounds": {
    "export": {
      "min": [
        0.038356442004442215,
        -0.1522659808397293,
        -2.7035176753997803
      ],
      "max": [
        0.06714731454849243,
        -0.07693632692098618,
        -2.6742379665374756
      ],
      "center": [
        0.05275187827646732,
        -0.11460115388035774,
        -2.688877820968628
      ],
      "size": [
        0.028790872544050217,
        0.07532965391874313,
        0.029279708862304688
      ]
    }
  },
  "source": "3d-re-gen",
  "reconstruction_confidence": 1.0,
  "is_floor_contact": true,
  "material": {
    "base_color": [
      0.8,
      0.8,
      0.8
    ],
    "metallic": 0.0,
    "roughness": 0.5,
    "normal_map_path": null,
    "albedo_map_path": null,
    "material_type": "generic"
  }
}