{
  "id": "obj_1",
  "category": "books",
  "mesh_bounds": {
    "export": {
      "min": [
        0.07936239242553711,
        -0.09666474908590317,
        -2.684868812561035
      ],
      "max": [
        0.15390267968177795,
        -0.07629542052745819,
        -2.6327309608459473
      ],
      "center": [
        0.11663253605365753,
        -0.08648008480668068,
        -2.658799886703491
      ],
      "size": [
        0.07454028725624084,
        0.020369328558444977,
        0.05213785171508789
      ]
    }
  },
  "source": "3d-re-gen",
  "reconstruction_confidence": 1.0,
  "is_floor_contact": true,
  "material": {
    "base_color": [
      0.8,
      0.8,
      0.8
    ],
    "metallic": 0.0,
    "roughness": 0.5,
    "normal_map_path": null,
    "albedo_map_path": null,
    "material_type": "generic"
  }
}