{
  "id": "obj_4",
  "category": "wooden_desk",
  "mesh_bounds": {
    "export": {
      "min": [
        -0.8001874089241028,
        -0.5033710598945618,
        -2.2411317825317383
      ],
      "max": [
        -0.45409923791885376,
        -0.12441611289978027,
        -1.5119609832763672
      ],
      "center": [
        -0.6271433234214783,
        -0.313893586397171,
        -1.8765463829040527
      ],
      "size": [
        0.346088171005249,
        0.3789549469947815,
        0.7291707992553711
      ]
    }
  },
  "source": "3d-re-gen",
  "reconstruction_confidence": 1.0,
  "is_floor_contact": true,
  "material": {
    "base_color": [
      0.8,
      0.8,
      0.8
    ],
    "metallic": 0.0,
    "roughness": 0.5,
    "normal_map_path": null,
    "albedo_map_path": null,
    "material_type": "generic"
  }
}